{"authorMap":{"fallback":"bhlnk","zh_TW":"bhlnk","bo_CN":"ཁ་པར་དོ་དམ་པ།","en_US":"bhlnk","ug_CN":"يانفون غوجىدارى","zh_CN":"bhlnk"},"desc":"bhlnk，一键释放内存","descMap":{"fallback":"bhlnk，一键释放内存","zh_TW":"手機加速，一鍵釋放記憶體","bo_CN":"ཁ་པར་མྱུར་གཏོང་། མཐེབ་གཅིག་གིས་ནང་གསོག་རྒྱ་བསྐྱེད།","en_US":"test vietsub oneclick","ug_CN":"يانفوننى تېزلىتىپ، بىر كونۇپكىدا بوشلۇقنى قويۇپ بېرىدۇ","zh_CN":"bhlnk，一键释放内存"},"designerMap":{"fallback":"手机管家","zh_TW":"手機管家","bo_CN":"ཁ་པར་དོ་དམ་པ།","en_US":"bhlnk","ug_CN":"يانفون غوجىدارى","zh_CN":"手机管家"},"editable":false,"id":"a71db3f8-fc64-428c-8a80-5d11cf75be09","isCustomEdit":false,"title":"一键加速","titleMap":{"fallback":"一键加速","zh_TW":"一鍵加速","bo_CN":"འཐེབ་གཅིག་མྱུར་གཏོང་།","en_US":"bhlnk","ug_CN":"بىر كونۇپكىدا تېزلىتىش","zh_CN":"一键加速"},"typeTag":"theme_bind:com.miui.securitycenter","versionCode":5}